volumen,vw_aprice,precio_apertura,precio_cierre,precio_maximo,precio_minimo,numero_transacciones,Fecha
7552.858811070171,29926.02,29925.91,30004.15,30275.0,29668.0,206345,2023-10-22
47149.55282034108,31626.3779,30004.14,33087.58,35000.0,29890.89,709056,2023-10-23
51659.28557555184,34081.7366,33084.4,33923.55,35225.0,32851.0,849286,2023-10-24
24827.736185113954,34462.8682,33921.6,34506.35,35152.0,33690.91,421127,2023-10-25
20751.578959832455,34221.536,34504.33,34155.82,34843.04,33717.2,381068,2023-10-26
17678.598332582693,33919.1856,34153.35,33906.09,34269.0,33318.6,300071,2023-10-27
6346.222647200909,34145.6525,33915.1,34085.42,34531.0,33852.8,178223,2023-10-28
8560.598133881818,34437.1356,34085.42,34534.48,34783.0,33937.31,193769,2023-10-29
14077.711118352743,34468.6709,34534.48,34493.79,34953.4,34077.9,248032,2023-10-30
12530.454739981622,34414.3133,34508.1,34656.4,34732.18,34038.79,252819,2023-10-31
21990.99457728188,34769.6885,34653.9,35440.1,35647.19,34079.46,372309,2023-11-01
19633.25642191019,35149.1665,35441.7,34949.0,35997.8,34311.73,358563,2023-11-02
17580.765055601223,34525.3377,34947.92,34731.27,34954.6,34100.0,358702,2023-11-03
7015.023593800654,34837.4481,34730.32,35090.3,35296.0,34599.85,205758,2023-11-04
8328.056750291418,35030.5883,35091.1,35035.42,35439.0,34479.0,219372,2023-11-05
9031.178320961635,35027.465,35035.79,35059.46,35323.0,34753.66,246802,2023-11-06
17389.498627963476,35194.3291,35028.6,35416.28,35963.0,34518.0,343022,2023-11-07
15511.3450179051,35529.4554,35449.1,35639.13,36113.59,35100.0,311917,2023-11-08
41092.963234284776,36725.6049,35639.13,36706.59,37999.0,35517.3,655569,2023-11-09
20591.500231061415,37066.9025,36702.5,37301.0,37548.8,36334.46,411590,2023-11-10
8286.818863001703,37071.9092,37311.7,37139.12,37424.03,36651.0,247283,2023-11-11
4941.516481990443,37076.1817,37139.94,37086.03,37247.0,36727.3,186563,2023-11-12
15049.499597457867,36829.1813,37053.9,36494.1,37444.0,36351.0,327228,2023-11-13
22715.548636068837,35966.6466,36494.1,35557.01,36756.16,34666.0,404101,2023-11-14
26381.792416145643,36908.452,35554.1,37885.35,37987.0,35358.45,529801,2023-11-15
25829.054796816865,36639.0142,37856.0,36161.15,37958.75,35511.11,469464,2023-11-16
17689.676742991564,36360.0234,36161.15,36625.0,36888.0,35851.2,319352,2023-11-17
4961.651855590686,36546.4848,36631.56,36594.89,36857.15,36205.89,180911,2023-11-18
6637.247370100936,36879.1343,36596.84,37391.19,37546.62,36404.52,185046,2023-11-19
19933.899235491117,37365.5431,37379.0,37475.64,37784.07,36620.0,347229,2023-11-20
29781.556916316415,36908.8506,37480.5,35751.89,37675.77,35744.9,424565,2023-11-21
25815.682909892173,36829.6958,35756.0,37424.32,37888.0,35633.0,416400,2023-11-22
11255.70344309498,37323.1127,37428.1,37300.9,37653.67,36874.7,250251,2023-11-23
25398.319833813806,37848.7917,37300.9,37745.84,38454.0,37248.0,412230,2023-11-24
5900.593432540458,37770.0484,37748.85,37805.99,37920.27,37583.0,170581,2023-11-25
9283.433405941378,37491.3448,37781.0,37462.79,37842.17,37117.0,212368,2023-11-26
17398.233303532234,37066.485,37469.9,37241.63,37578.42,36715.1,290725,2023-11-27
23519.594636871952,37803.5039,37254.1,37838.26,38425.96,36873.55,336526,2023-11-28
18729.83823372214,37957.302,37838.26,37863.84,38480.0,37555.0,301925,2023-11-29
10547.502917910711,37763.3907,37865.3,37732.27,38152.18,37490.0,235665,2023-11-30
22789.851736040953,38527.3418,37732.27,38703.54,39000.0,37618.0,405390,2023-12-01
12361.738492662642,39151.5397,38690.0,39471.48,39740.0,38634.0,276518,2023-12-02
10699.749838323205,39704.2976,39467.42,39984.81,40221.22,39253.0,280060,2023-12-03
32400.89486495723,41409.4421,39975.1,41987.24,42415.5,39476.0,565834,2023-12-04
34916.9349298997,42953.9916,41983.0,44084.39,45000.0,40849.0,591912,2023-12-05
24660.42372229832,43902.7293,44086.33,43761.7,44297.0,43335.5,456378,2023-12-06
18639.499968512984,43465.0138,43809.0,43280.95,44091.0,42846.53,366895,2023-12-07
19135.757218053423,43833.9255,43288.1,44192.87,44754.99,43086.0,358153,2023-12-08
8473.693434901174,44006.3542,44192.86,43723.25,44384.68,43586.14,236620,2023-12-09
6232.076501981144,43823.9222,43705.96,43793.68,44066.0,43562.06,186247,2023-12-10
35445.40136005956,41660.4556,43793.67,41229.57,43842.0,39999.0,528388,2023-12-11
18143.572584052064,41471.0772,41236.9,41477.39,42300.0,40636.51,319369,2023-12-12
20914.557157635176,42003.7843,41477.6,42885.36,43475.0,40553.15,361595,2023-12-13
20503.47930140568,42746.3564,42889.1,43028.27,43470.0,41359.0,363455,2023-12-14
14295.062770914623,42318.3415,43027.76,41933.89,43106.0,41640.51,318911,2023-12-15
7450.716143992712,42247.0147,41934.84,42236.7,42746.0,41626.66,232045,2023-12-16
10630.181342181319,41873.0287,42234.88,41349.59,42448.0,41222.0,228967,2023-12-17
18252.33167576893,41505.4545,41349.59,42650.01,42773.0,40508.0,322988,2023-12-18
17413.69422059899,42586.6223,42644.7,42266.22,43529.0,41780.0,314676,2023-12-19
25467.639445750137,43610.5836,42267.1,43674.77,44363.0,42184.48,373589,2023-12-20
16951.863061412543,43741.4543,43630.0,43875.32,44250.0,43295.78,290929,2023-12-21
14334.761922780774,43821.5884,43875.96,44013.73,44444.0,43412.82,267846,2023-12-22
5872.449681220971,43709.0385,43997.0,43726.35,44068.0,43314.0,186770,2023-12-23
7990.304476221856,43504.7368,43728.36,43025.03,43985.67,42614.17,207217,2023-12-24
7350.270069471241,43366.3418,43014.9,43589.67,43881.0,42755.35,172801,2023-12-25
18140.772138372755,42486.5073,43604.1,42519.47,43649.0,41600.67,289519,2023-12-26
16064.1387541575,43052.3721,42519.1,43474.4,43709.98,42111.47,284295,2023-12-27
17412.88214482306,42925.6589,43469.06,42581.23,43830.34,42265.08,330504,2023-12-28
21003.815934003098,42308.0577,42581.23,42063.45,43175.0,41300.0,357125,2023-12-29
13585.531731741532,42110.9407,42097.9,42141.03,42665.0,41518.19,253042,2023-12-30
13553.30570244256,42439.9872,42139.32,42288.06,42939.0,41964.68,215366,2023-12-31
11571.132272252362,43114.6615,42241.1,44220.78,44240.8,42175.65,219298,2024-01-01
39113.6281522264,45190.5321,44180.8,44972.8,45925.82,44113.2,522828,2024-01-02
43428.97340344552,43034.5792,44972.83,42862.44,45559.0,39501.0,622288,2024-01-03
23483.26711392685,43804.8366,42860.58,44193.29,44810.0,42650.0,367559,2024-01-04
23295.117121494848,43711.2836,44199.04,44186.59,44449.0,42413.0,373665,2024-01-05
7422.341112331486,43857.4888,44179.9,44018.0,44263.0,43436.5,180768,2024-01-06
8044.732283182773,44095.3438,43960.0,43959.0,44510.01,43627.0,184630,2024-01-07
37061.964362861145,45541.5938,43954.52,46995.1,47330.0,43200.44,570177,2024-01-08
38524.350057053976,46491.2035,46989.5,46124.08,47988.0,44500.0,656435,2024-01-09
49773.3582634139,45878.5148,46120.79,46670.82,47732.5,44268.0,738646,2024-01-10
50944.6453383351,46947.4415,46654.0,46350.4,49102.29,45555.55,762583,2024-01-11
59970.95273634669,44196.8707,46350.4,42773.03,46522.2,41444.97,791172,2024-01-12
13737.624864085004,42831.5723,42775.1,42839.33,43250.0,42427.0,315568,2024-01-13
11736.23537913369,42547.6023,42827.9,41696.66,43075.0,41680.73,254369,2024-01-14
14184.84569772358,42593.5944,41698.13,42520.0,43369.0,41680.0,286077,2024-01-15
21236.810862302398,42984.3473,42499.3,43130.46,43588.0,42028.02,390408,2024-01-16
19248.80836952228,42620.9692,43130.51,42739.49,43215.0,42160.0,343705,2024-01-17
29890.466539984263,41649.2286,42737.68,41292.71,42932.0,40600.05,392081,2024-01-18
27855.611154306433,41263.728,41290.57,41621.24,42212.0,40236.49,384868,2024-01-19
7096.28753251149,41601.0113,41623.94,41666.67,41944.0,40000.0,189193,2024-01-20
5268.617377100797,41698.6924,41666.67,41554.05,42260.0,41472.49,149600,2024-01-21
33767.23149186082,40405.9444,41670.0,39524.27,41775.0,39372.44,440095,2024-01-22
28114.916710634985,39263.6977,39510.0,39878.3,40215.0,38501.0,422574,2024-01-23
21769.69877299803,39871.7516,39878.3,40069.8,40599.0,39382.15,332209,2024-01-24
16735.523332165852,39893.3563,40079.87,39941.66,40333.0,39503.0,254578,2024-01-25
25444.491195520382,41317.6759,39941.66,41813.33,42243.14,39805.95,353696,2024-01-26
5516.92945838165,41812.7495,41815.22,42126.55,42204.0,41383.94,162020,2024-01-27
6906.719029741704,42272.2683,42126.55,42034.59,42839.07,41617.53,171880,2024-01-28
15637.15695169425,42722.6475,42025.0,43269.5,43333.0,41787.35,257880,2024-01-29
19919.379506534326,43450.3182,43272.7,42942.78,43872.99,42680.2,287585,2024-01-30
19446.882335773065,42982.206,42955.0,42548.08,43742.3,42265.77,273550,2024-01-31
15130.836461533445,42551.1031,42551.7,43075.2,43276.19,41846.04,269772,2024-02-01
15165.356765253753,43044.4664,43075.3,43181.66,43700.0,42527.58,250322,2024-02-02
3069.056594700402,43100.0274,43183.63,43010.67,43366.0,42863.58,129634,2024-02-03
3898.363555500461,42798.4293,43007.82,42568.55,43109.0,42228.01,132617,2024-02-04
11374.964509474741,42746.4013,42591.3,42657.67,43540.0,42235.0,221152,2024-02-05
9990.22960118174,43026.4095,42650.0,43095.79,43387.0,42516.07,220996,2024-02-06
17944.147697913057,43585.6018,43085.0,44343.61,44430.0,42760.44,274996,2024-02-07
24499.503102522547,45038.0821,44330.0,45329.6,45637.38,44323.0,379837,2024-02-08
30597.29528200841,47080.0096,45280.0,47160.41,48230.02,45246.0,473764,2024-02-09
8000.422264321737,47450.9327,47157.01,47767.06,48190.0,46889.53,209765,2024-02-10
8336.231897111864,48205.0681,47767.06,48316.3,48614.0,47580.9,216643,2024-02-11
28044.65962964936,49359.7281,48321.14,49941.81,50363.42,47642.0,432269,2024-02-12
26690.211311180086,49354.8674,49942.49,49725.36,50423.42,48240.0,412197,2024-02-13
28019.370171001443,51290.5939,49750.1,51858.59,52136.8,49253.92,468121,2024-02-14
25013.753372190306,52090.5666,51835.2,51934.29,52890.0,51280.0,486510,2024-02-15
17144.986682491293,52033.0719,51947.1,52162.64,52608.2,51580.0,352064,2024-02-16
8883.469746892166,51417.1217,52185.3,51700.0,52214.05,50130.0,220798,2024-02-17
6551.295609511554,51845.6793,51700.1,52153.62,52451.0,51165.0,198699,2024-02-18
8822.595329122643,52107.0578,52157.1,51787.05,52501.01,51648.0,242415,2024-02-19
23028.060137330795,51914.8171,51771.2,52167.0,53000.0,50584.0,385344,2024-02-20
18117.361749366548,51313.0563,52270.1,51851.67,52394.91,50439.0,348111,2024-02-21
16898.38186680822,51592.9672,51866.9,51258.7,52100.0,50890.2,310033,2024-02-22
14216.248262049328,51018.4403,51300.1,50737.0,51537.0,50227.0,309611,2024-02-23
5331.982110101077,51221.519,50739.4,51570.65,51736.0,50576.55,180385,2024-02-24
6111.003062901673,51665.9453,51554.5,51731.0,51967.82,51275.01,180548,2024-02-25
32020.82500095503,53278.0747,51733.8,54533.48,54980.0,50871.0,493515,2024-02-26
38515.80831857772,56550.4406,54525.4,57077.07,57646.81,54384.0,675281,2024-02-27
65601.92862209708,60481.3333,57077.08,62518.9,64100.0,56000.4,1094096,2024-02-28
47621.03824319888,62062.2587,62489.8,61180.9,63675.48,60108.8,802983,2024-02-29
30681.328374492587,61998.8151,61180.09,62436.72,63267.18,60500.0,576226,2024-03-01
10456.558672512734,62044.02,62439.74,62045.78,62500.0,61584.0,328631,2024-03-02
10579.410340873275,62356.8907,62045.77,63178.2,63260.0,61350.0,314418,2024-03-03
52133.16140926826,66096.6608,63155.74,68098.0,68602.98,62216.0,907498,2024-03-04
85476.96548048228,65017.2267,68356.7,63800.78,69324.58,59008.0,1509516,2024-03-05
44033.02548165077,66148.0187,63802.16,66122.28,67681.0,62783.0,825631,2024-03-06
27523.51610418382,67124.5179,66115.48,66938.21,68098.09,65595.0,618867,2024-03-07
42812.29373757517,68180.5133,66938.21,68289.16,70199.0,65200.0,778787,2024-03-08
11795.36766444294,68362.3984,68289.16,68480.0,68700.41,67719.0,344711,2024-03-09
17430.37948084603,69326.6822,68480.01,68951.0,70000.0,68047.0,475654,2024-03-10
44952.35231810567,71382.5716,69032.8,72110.98,72943.98,67000.0,864713,2024-03-11
40257.052183758606,71228.0231,72100.1,71475.93,73027.63,68357.0,918971,2024-03-12
27339.18618191932,72806.5633,71473.43,73135.04,73709.99,70976.0,636753,2024-03-13
42665.71858346498,71219.9023,73135.04,71364.58,73835.57,68454.47,984488,2024-03-14
51116.259752913196,68391.4054,71364.73,69520.0,72500.0,65460.0,1033965,2024-03-15
22452.370880193022,67550.6352,69514.87,65254.22,70071.0,64774.05,548172,2024-03-16
18896.250819064913,66878.9888,65254.22,68343.64,68927.0,64505.0,442839,2024-03-17
25258.280699166615,67500.1474,68354.29,67613.04,68940.0,66562.65,530243,2024-03-18
53882.12499433055,64106.4215,67600.0,61906.27,68136.39,61506.0,979567,2024-03-19
49516.82253871595,64207.6968,62022.0,67858.8,68202.0,60771.14,895549,2024-03-20
24555.48664048687,66510.0482,67855.88,65484.7,68280.0,64525.0,621560,2024-03-21
23774.141542402063,64064.6907,65478.98,63814.56,66712.0,62201.0,660792,2024-03-22
10615.216697072612,64642.5069,63814.56,63998.86,66029.09,63013.19,348768,2024-03-23
10359.231325392617,65686.6948,63998.89,67205.24,67949.0,63785.57,339237,2024-03-24
31307.104575000012,69156.2184,67212.69,69890.36,71269.92,66381.84,732703,2024-03-25
20155.06848568779,70301.483,69950.1,70000.1,71582.96,69116.8,569836,2024-03-26
26781.645956184275,69637.5941,69996.76,69437.3,71789.85,68251.0,622086,2024-03-27
19933.541979907975,70693.0403,69437.2,70801.18,71635.99,68800.0,558198,2024-03-28
10710.140036532179,69943.4957,70786.0,69903.75,70941.7,69015.0,372585,2024-03-29
4242.4127139807215,69977.1798,69903.74,69626.87,70363.25,69569.03,237286,2024-03-30
6649.246520801483,70550.6183,69652.0,71291.56,71444.0,69587.86,258897,2024-03-31
18513.448805676693,69438.7465,71291.51,69681.1,71373.0,68055.15,484820,2024-04-01
30832.79852348744,66052.8769,69681.1,65465.14,69711.0,64192.0,748173,2024-04-02
17444.0357292075,66025.2967,65472.0,65987.92,66944.06,64500.0,438158,2024-04-03
23624.260451355345,67625.0333,65984.15,68527.4,69634.0,65048.0,523749,2024-04-04
20406.85390877996,67457.3015,68528.46,67856.51,68783.99,65959.0,467893,2024-04-05
6124.067240281255,68283.2003,67856.51,68919.89,69693.1,67379.0,247970,2024-04-06
7901.993047412761,69486.092,68908.6,69350.34,70312.0,68820.0,325177,2024-04-07
23223.579051814715,71576.5348,69350.36,71622.53,72777.0,69036.0,567352,2024-04-08
21914.589601101146,69778.9649,71650.1,69117.01,71761.37,68200.0,539778,2024-04-09
21928.775432553437,69027.2689,69115.79,70634.04,71341.0,67463.07,523393,2024-04-10
14372.85679418701,70394.0358,70733.0,70046.4,71444.0,69530.0,416029,2024-04-11
32094.801286557326,68209.7878,70103.0,67148.61,71291.0,65103.0,786351,2024-04-12
37545.51982960271,64796.5735,67199.8,64008.1,69100.0,60495.0,1041828,2024-04-13
26538.987589805183,64133.239,64018.6,65777.05,65909.0,62150.0,646041,2024-04-14
27322.953087577836,64848.2963,65700.0,63452.18,66928.82,62315.08,665228,2024-04-15
22582.620858502964,62860.4936,63441.8,63814.94,64415.0,61551.0,598486,2024-04-16
27908.501730312593,61644.1743,63832.6,61279.3,64534.0,59648.33,762399,2024-04-17
19600.090229615376,62791.1291,61284.4,63513.85,64210.0,60816.07,493620,2024-04-18
29526.06060352742,63470.0901,63499.5,63848.37,65501.0,59573.32,754969,2024-04-19
8034.73000691246,64393.4803,63846.0,64968.87,65465.0,63121.15,338677,2024-04-20
6317.031909871907,64954.2161,64993.8,64952.92,65756.0,64250.0,256373,2024-04-21
14674.208393758543,66153.6475,64953.0,66859.17,68158.0,64520.0,384705,2024-04-22
11216.31841699189,66532.5241,66831.4,66418.0,67253.0,65807.0,356444,2024-04-23
18390.331962421376,65202.5357,66419.8,64255.78,67153.0,63542.56,461978,2024-04-24
16609.34052568695,64093.9909,64252.39,64484.49,65381.0,62743.5,393349,2024-04-25
12487.760915875097,64044.727,64489.1,63742.39,64839.0,63287.76,329087,2024-04-26
7688.4621976635235,63037.6848,63750.8,63425.0,64029.0,62389.0,261235,2024-04-27
5551.141602171279,63609.2407,63425.1,63108.94,64470.0,62743.81,221386,2024-04-28
13377.82250007116,62745.9558,63114.1,63844.85,64304.0,61741.01,352229,2024-04-29
26998.487516291465,61053.0543,63822.1,60622.1,64800.0,59040.3,592807,2024-04-30
36306.16835997114,57898.2558,60610.0,58265.59,60991.0,56378.0,818856,2024-05-01
18350.770952150266,58551.988,58267.81,59071.89,59767.0,56903.79,504135,2024-05-02
22588.06498860277,61132.9655,59113.2,62913.03,63444.0,58821.05,524815,2024-05-03
9341.29545499236,63518.2417,62925.8,63902.88,64644.0,62550.4,278892,2024-05-04
6410.308083120016,63845.4607,63898.0,64023.45,64801.0,62908.34,273052,2024-05-05
15014.694683589983,63824.4851,64067.5,63164.06,65628.0,62704.48,405905,2024-05-06
11742.36228945821,63429.3836,63161.7,62315.76,64480.0,62252.64,327075,2024-05-07
9857.802772441306,62125.3084,62325.0,61169.53,63112.0,60851.04,349677,2024-05-08
10679.227749370395,61904.4023,61172.1,63073.57,63529.0,60601.6,309101,2024-05-09
15163.25032823186,61550.7498,63052.0,60787.47,63612.0,60150.0,386107,2024-05-10
3789.3654638304693,60940.4341,60790.8,60805.0,61588.0,60450.13,193373,2024-05-11
3792.7664573713655,61245.6893,60805.0,61453.02,61962.0,60576.05,204346,2024-05-12
11541.77888872016,62522.5301,61444.6,62932.37,63540.0,60738.51,384930,2024-05-13
16135.624625998384,62078.6866,62910.0,61539.84,63175.0,61000.0,434473,2024-05-14
27716.986723304246,64615.114,61545.8,66244.69,66500.0,61299.57,664184,2024-05-15
15424.821354775437,65754.746,66233.1,65252.18,66799.0,64557.0,462993,2024-05-16
14778.895164909096,66576.1514,65228.4,67046.33,67618.0,65113.46,398826,2024-05-17
4637.99978324156,66974.7154,67043.6,66923.87,67473.0,66598.0,235241,2024-05-18
4912.141236761148,66864.232,66920.1,66262.4,67984.0,65852.02,240980,2024-05-19
25837.148908987114,68756.982,66262.5,71432.17,71560.9,66057.03,615890,2024-05-20
19826.24798422469,70560.5782,71432.16,70145.1,71980.0,69146.01,604460,2024-05-21
14277.42901965901,69748.2165,70145.1,69109.93,70668.0,68725.2,447442,2024-05-22
19011.497148756054,68230.3722,69144.1,67940.45,70500.0,66250.0,511572,2024-05-23
12804.68779944892,68161.1374,67947.0,68547.8,69308.0,66587.91,389308,2024-05-24
3607.637705690353,69031.9205,68541.0,69289.67,69635.0,68487.44,193911,2024-05-25
2949.508175600003,68887.4445,69278.7,68473.72,69588.0,67971.1,187333,2024-05-26
7834.055005983866,69475.1187,68474.4,69368.72,70679.0,68210.12,279376,2024-05-27
14590.479766482236,68146.7215,69377.8,68321.98,69597.0,67194.59,385943,2024-05-28
11508.583914956238,67787.6599,68325.0,67569.45,68971.0,67081.66,402522,2024-05-29
14621.039771766613,68433.2896,67575.4,68338.58,69550.0,67092.91,419635,2024-05-30
12714.239392585478,67687.9893,68365.0,67472.41,69028.0,66584.47,401434,2024-05-31
2453.8330691899255,67659.7886,67498.1,67719.29,67890.0,67371.28,167543,2024-06-01
3849.759698749966,67837.2387,67717.2,67735.52,68444.0,67260.0,180700,2024-06-02
14723.958852528282,69164.4341,67731.14,68791.0,70295.78,67568.0,368062,2024-06-03
21220.116937563525,70132.8586,68800.0,70542.32,71108.9,68542.37,417567,2024-06-04
13144.14446848872,71104.6182,70558.7,71121.11,71804.13,70356.49,387983,2024-06-05
9799.946710421866,70997.481,71116.3,70773.64,71651.0,70093.98,321355,2024-06-06
18017.677623827018,70253.7138,70752.1,69394.0,71974.04,68298.55,477279,2024-06-07
3361.942778500353,69370.2121,69317.1,69304.05,69618.0,69126.22,193752,2024-06-08
2732.3389295002125,69523.0865,69291.5,69649.9,69848.94,69101.0,163066,2024-06-09
7800.330256482236,69630.5247,69649.9,69497.73,70187.53,69141.51,266440,2024-06-10
21178.763949751166,67339.8748,69522.2,67316.53,69558.7,66018.69,573310,2024-06-11
20072.119167737404,68667.2719,67330.0,68248.6,70037.0,66883.32,536799,2024-06-12
13688.226045307252,67212.5178,68248.59,66756.5,68474.49,66200.0,457648,2024-06-13
14036.651848974414,66106.6314,66776.0,66004.39,67370.0,65005.0,429427,2024-06-14
2596.3923086400155,66165.259,65992.1,66192.0,66442.0,65794.7,194286,2024-06-15
2936.7625757399464,66515.0692,66198.1,66628.75,66947.0,65999.0,171969,2024-06-16
16345.443449501943,66232.9346,66630.0,66481.81,67302.0,65050.0,382537,2024-06-17
19988.966579363736,65041.9006,66487.7,65152.8,66623.0,64010.01,572516,2024-06-18
6315.240569602347,65155.7053,65169.7,64943.79,65820.0,64635.48,303055,2024-06-19
11796.052707424084,65309.6755,64949.1,64841.46,66585.0,64500.0,374516,2024-06-20
12112.126403724447,63991.2,64833.3,64087.9,65196.0,63300.93,414117,2024-06-21
3181.7524686099146,64316.0119,64088.0,64235.01,64613.0,63910.01,174672,2024-06-22
3176.9550407601346,63991.5764,64253.0,63171.43,64618.0,63125.75,192996,2024-06-23
28056.30550254586,60892.3847,63169.24,60263.0,63461.0,58414.28,762779,2024-06-24
18289.524643701952,61432.0707,60297.1,61789.71,62470.0,60217.36,450097,2024-06-25
13088.536382955564,61298.9751,61794.1,60815.1,62558.0,60656.8,391066,2024-06-26
12724.378121728556,61436.7825,60815.2,61615.39,62499.0,60546.94,361101,2024-06-27
13141.524940790041,60958.8833,61617.1,60313.35,62295.0,59868.0,409739,2024-06-28
4492.243227451966,60868.3111,60319.6,60860.0,61352.0,60273.8,219048,2024-06-29
5696.332467431378,61746.0853,60860.0,62668.26,63131.0,60611.01,269092,2024-06-30
14426.163916093905,63163.0605,62680.4,62830.13,63911.0,62448.46,394680,2024-07-01
12224.288178081297,62304.5316,62830.94,62039.45,63331.0,61000.0,342946,2024-07-02
14682.34715963025,60369.7867,62020.0,60145.01,62386.0,59332.76,474547,2024-07-03
23071.226748603094,58033.4411,60146.6,57036.4,60550.0,56709.73,656002,2024-07-04
35152.888968393636,55649.8024,57031.4,56639.43,57615.0,53219.0,859610,2024-07-05
8930.475579201466,57180.5703,56650.1,58244.75,58538.0,56020.32,342352,2024-07-06
7225.658438742464,57230.6403,58234.9,55854.09,58563.0,55717.23,302969,2024-07-07
23020.714850126384,56154.845,55845.4,56699.3,58350.0,54278.93,663440,2024-07-08
14464.901770290473,57512.0201,56699.3,58047.86,58422.0,56276.37,464244,2024-07-09
14095.29697444145,58152.8965,58001.6,57713.39,59606.0,57154.1,467148,2024-07-10
14326.025154958345,58138.0227,57742.1,57340.77,59654.0,57036.41,502430,2024-07-11
12770.950487011007,57616.6817,57350.0,57907.02,58653.0,56538.33,476998,2024-07-12
5857.246038272242,58742.1635,57911.5,59224.51,60063.0,57770.92,244190,2024-07-13
8695.192284601419,60222.3499,59224.58,60808.42,61535.0,59209.2,295236,2024-07-14
24915.28513513876,63075.5059,60810.0,64757.16,65014.0,60666.59,641830,2024-07-15
18695.642293493634,64234.3077,64764.3,65088.99,65488.0,62410.33,625283,2024-07-16
13094.35626413802,64937.3232,65077.1,64085.81,66180.0,63853.1,631346,2024-07-17
9745.05126899299,64112.9901,64120.1,63977.64,65200.0,63222.6,423590,2024-07-18
18233.872945320993,65790.1313,63960.7,66707.61,67504.22,63289.15,601035,2024-07-19
5976.406493971239,66943.8464,66708.9,67163.83,67694.0,66271.0,352916,2024-07-20
8257.183857072187,67303.6606,67166.1,68173.74,68479.0,65820.18,442513,2024-07-21
13916.336665492538,67626.6658,68137.2,67558.21,68560.0,66569.42,541369,2024-07-22
13878.067521975117,66409.2504,67595.2,65939.24,67906.0,65444.3,577380,2024-07-23
9997.394193752847,66096.4642,65900.8,65366.4,67241.0,65090.61,464929,2024-07-24
13300.934734938068,64560.3474,65503.0,65795.42,66241.0,63412.46,609851,2024-07-25
12395.841364782367,67346.2391,65794.2,67921.49,68333.0,65705.6,578071,2024-07-26
14034.384472971133,68124.6997,67914.7,67899.4,69529.0,66624.3,572278,2024-07-27
4645.989473308364,67815.6151,67912.9,68244.3,68443.0,67021.8,537696,2024-07-28
17576.558153538645,68332.3065,68250.0,66771.45,70162.0,66400.01,915778,2024-07-29
11131.77209673558,66209.1662,66755.4,66169.68,67179.0,65283.68,486836,2024-07-30
11041.132536383207,65850.7194,66175.1,64609.62,66947.0,64500.0,481921,2024-07-31
19436.307847170003,63765.9942,64638.1,65288.18,65720.0,62212.81,691516,2024-08-01
19180.852730612307,63432.3295,65462.0,61418.06,65668.0,61150.0,714338,2024-08-02
11400.965616023308,60946.3767,61410.0,60674.93,62260.0,59819.13,473600,2024-08-03
12979.357049018508,59162.9744,60688.6,58130.95,61213.0,57123.0,543365,2024-08-04
76954.21833159344,53020.4394,58103.1,54029.12,58344.0,49050.01,2131923,2024-08-05
21200.509671329637,55962.3967,54037.9,56048.08,57207.0,53965.57,767877,2024-08-06
17584.489229751955,56158.613,56048.07,55148.11,57833.0,54556.5,688524,2024-08-07
25703.084427459315,58930.1864,55144.14,61698.12,62770.0,54737.32,746627,2024-08-08
15441.161294961345,60622.9991,61704.05,60862.13,61809.0,59552.46,554071,2024-08-09
4072.180394310697,60796.9749,60859.9,60935.02,61535.0,60255.61,285877,2024-08-10
7229.821731282552,59910.8266,60951.8,58722.49,61916.0,58312.63,353069,2024-08-11
14679.667887531441,59123.0231,58816.0,59358.78,60764.0,57653.31,608892,2024-08-12
14090.427734036131,60113.6468,59359.5,60603.19,61635.0,58402.01,512345,2024-08-13
16068.132437005446,60003.8133,60600.1,58690.62,61898.0,58453.56,513468,2024-08-14
17870.155616311316,58254.0495,58693.7,57543.61,59909.0,56117.7,614306,2024-08-15
13998.514233815686,58598.1231,57543.57,58887.63,59905.0,57096.56,479806,2024-08-16
3375.598654760669,59302.6687,58895.6,59497.49,59800.0,58803.45,225594,2024-08-17
5635.251630860595,59660.1994,59473.4,58466.5,60313.0,58422.0,258763,2024-08-18
10140.854179935173,58675.2668,58466.5,59452.67,59700.0,57820.0,380930,2024-08-19
14259.3192599301,60015.6116,59493.7,59017.59,61472.0,58571.96,509760,2024-08-20
16511.424216527652,60311.97,59017.59,61163.28,61898.0,58793.89,456808,2024-08-21
11537.926427695276,60674.45,61179.8,60383.29,61467.0,59750.0,426178,2024-08-22
21733.658387375428,62505.0701,60391.1,64087.4,65074.0,60343.2,628447,2024-08-23
6231.759266510952,64096.0641,64087.5,64181.02,64609.0,63564.22,306040,2024-08-24
4954.719307530248,64282.0876,64176.1,64251.93,65200.0,63793.74,238206,2024-08-25
12256.332805385942,63576.8642,64288.1,62966.0,64579.0,62806.8,372800,2024-08-26
17668.880767997412,61143.1985,62851.1,59438.0,63307.0,58009.6,534411,2024-08-27
12730.966862985191,59182.1953,59458.0,59045.88,60330.0,57851.62,542368,2024-08-28
13390.994139785862,60005.8027,59025.6,59385.5,61290.0,58717.4,478625,2024-08-29
12801.43311022919,58866.0364,59385.5,59112.77,60102.0,57700.0,491248,2024-08-30
2737.2740956604825,59144.5901,59110.0,58968.61,59622.0,58736.9,245342,2024-08-31
7421.114477814751,58117.7048,58968.37,57299.0,59236.0,57200.0,358182,2024-09-01
6932.6479858029015,58278.8385,57318.5,59139.83,59588.0,57119.01,291108,2024-09-02
10681.679466690337,58209.4995,59305.0,57468.84,59976.0,57394.49,325061,2024-09-03
18103.703674371314,57156.1194,57482.4,57971.0,58632.0,55555.0,500872,2024-09-04
16459.691040708483,56658.0437,57970.1,56156.82,58451.0,55601.5,441328,2024-09-05
24644.3555839659,54653.1227,56163.9,53950.01,57123.0,52530.0,664279,2024-09-06
5599.344510441847,54293.2412,53948.3,54156.33,55084.0,53733.1,287982,2024-09-07
5724.479945091327,54439.3713,54146.5,54881.11,55448.0,53623.95,274505,2024-09-08
13946.304867186069,56050.795,54856.9,57052.71,58180.0,54565.56,450409,2024-09-09
7933.797438274137,57172.4231,57062.7,57641.46,58136.0,56377.76,380266,2024-09-10
3293.782607910445,56733.3927,57630.0,57350.6,58104.0,55548.1,53094,2024-09-11
2188.9460236599507,58108.6112,57350.7,58287.0,58652.0,57339.0,45013,2024-09-12
4137.086139771104,59062.8841,58133.4,60581.0,60730.0,57658.3,55866,2024-09-13
1340.1307840898917,60094.7191,60581.1,60000.1,60713.0,59478.3,29119,2024-09-14
1742.5502641299147,59767.8577,60000.2,59135.1,60525.0,58679.1,33915,2024-09-15
2013.731861909849,58291.6793,59135.1,58342.0,59336.0,57488.7,44098,2024-09-16
15177.336311951896,60032.5554,58209.76,60317.2,61373.41,57619.9,445136,2024-09-17
14828.24056214259,60321.589,60317.1,61853.0,61875.0,59164.6,474230,2024-09-18
18538.105561779194,62832.5107,61853.0,62960.14,63950.0,61569.16,579391,2024-09-19
13348.426928740104,63205.1592,62922.2,63210.69,64200.0,62340.0,494549,2024-09-20
3930.260582651235,63131.6906,63210.3,63362.74,63614.0,62755.0,218878,2024-09-21
5689.961209742117,63059.5485,63376.1,63577.51,64093.0,62380.55,248565,2024-09-22
10142.376606534244,63596.8469,63615.2,63338.87,64842.0,62566.28,372795,2024-09-23
11178.598893869284,63631.2534,63338.85,64272.93,64775.0,62689.15,457297,2024-09-24
7774.562229972608,63690.8662,64276.73,63130.89,64888.0,62917.4,359778,2024-09-25
19086.00180295,64746.1272,63139.2,65183.07,65888.0,62652.99,541252,2024-09-26
11747.786235480728,65778.4561,65179.3,65789.0,66587.0,64827.85,392339,2024-09-27
3289.459800000383,65773.3913,65788.8,65858.99,66410.0,65400.0,193506,2024-09-28
3350.2092215804673,65740.3601,65862.7,65600.01,66193.0,65433.29,168231,2024-09-29
13459.538343779934,63973.0907,65600.01,63307.23,65759.0,62833.95,412696,2024-09-30
19449.702597200998,62260.412,63305.52,60790.0,64217.0,60150.89,552553,2024-10-01
11132.966936820512,61100.3948,60819.1,60631.37,62480.0,59969.2,443180,2024-10-02
9986.416405131686,60619.3339,60643.9,60744.99,61600.0,59824.87,466839,2024-10-03
9925.186048371037,61657.8825,60739.7,62090.71,62575.0,60451.6,411097,2024-10-04
2565.1495883702632,62044.2793,62081.0,62051.29,62437.0,61686.34,244416,2024-10-05
2866.6550394504666,62449.0285,62051.58,62810.86,63033.0,61805.85,215377,2024-10-06
13062.161552063155,63428.9312,62809.4,62202.02,64514.0,62113.28,405318,2024-10-07
8436.892346120167,62394.6086,62203.82,62122.02,63248.0,61824.48,358191,2024-10-08
9442.73723277974,61460.8012,62120.6,60578.28,62587.0,60255.0,374085,2024-10-09
12779.14307784773,60086.0608,60558.0,60279.53,61364.0,58863.9,452835,2024-10-10
13819.150361003301,62042.8639,60275.9,62518.75,63455.0,60029.98,473970,2024-10-11
4907.547548191803,63029.4183,62502.5,63187.46,63590.0,62464.15,268063,2024-10-12
3655.9236716305513,62665.7685,63184.9,62845.3,63406.0,62029.9,207220,2024-10-13
16820.133341747965,65211.6922,62834.9,66065.65,66555.0,62426.67,548137,2024-10-14
21695.15322099572,66374.4976,66065.64,67056.6,67944.76,64686.1,597258,2024-10-15
15605.5610760083,67633.9658,67056.0,67608.44,68399.0,66743.0,510993,2024-10-16
9872.01222976347,67181.6405,67654.0,67402.33,67962.0,66629.97,421502,2024-10-17
14198.50045931749,68343.4305,67399.86,68426.11,69000.62,67149.24,468506,2024-10-18
2451.2068643895236,68296.3393,68440.2,68363.73,68689.29,68005.83,189264,2024-10-19
4626.52529518,68683.4953,68374.78,68998.29,69402.0,68083.18,254799,2024-10-20
